Site,A,C,D,E,F,G,H,I,K,L,M,N,P,Q,R,S,T,V,W,Y
LRT p-value,0.5068,1,0.0901195,6.7339e-05,0.0887731,0.0306297,1,0.000190774,0.000616414,1.99253e-06,0.72128,0.0170431,1.68157e-05,1,0.634059,0.948287,0.00389843,0.809548,1,0.103044
7,N/A,N/A,N/A,0.934475,N/A,N/A,N/A,0.0309638,0.976683,0.000466347,N/A,N/A,0.112834,N/A,N/A,N/A,N/A,N/A,N/A,N/A
52,N/A,N/A,N/A,0.603084,N/A,N/A,N/A,8.9779e-05,165410,0.964372,N/A,N/A,0.24089,N/A,N/A,N/A,N/A,N/A,N/A,N/A
100,N/A,N/A,N/A,0.869769,N/A,N/A,N/A,0.479602,0.00307641,0.10701,N/A,N/A,0.0225942,N/A,N/A,N/A,N/A,N/A,N/A,N/A
104,N/A,N/A,N/A,1.33893e-05,N/A,N/A,N/A,0.984506,0.949463,0.782264,N/A,N/A,0.989228,N/A,N/A,N/A,N/A,N/A,N/A,N/A
137,N/A,N/A,N/A,0.931888,N/A,N/A,N/A,0.746393,0.672644,0.344291,N/A,N/A,0.21588,N/A,N/A,N/A,N/A,N/A,N/A,N/A
139,N/A,N/A,N/A,0.690299,N/A,N/A,N/A,0.370465,0.25883,0.00635112,N/A,N/A,1312.95,N/A,N/A,N/A,N/A,N/A,N/A,N/A
140,N/A,N/A,N/A,3.3039e-07,N/A,N/A,N/A,0.568119,0.00182805,0.495502,N/A,N/A,0.409994,N/A,N/A,N/A,N/A,N/A,N/A,N/A
145,N/A,N/A,N/A,0.77667,N/A,N/A,N/A,0.112977,0.272483,7.00755e+06,N/A,N/A,0.000864734,N/A,N/A,N/A,N/A,N/A,N/A,N/A
149,N/A,N/A,N/A,0.903314,N/A,N/A,N/A,0.751514,0.679452,0.351986,N/A,N/A,0.220645,N/A,N/A,N/A,N/A,N/A,N/A,N/A
154,N/A,N/A,N/A,0.00128945,N/A,N/A,N/A,0.00336169,2.63618e-07,1601.57,N/A,N/A,0.00199997,N/A,N/A,N/A,N/A,N/A,N/A,N/A
157,N/A,N/A,N/A,0.762806,N/A,N/A,N/A,0.353385,0.240313,0.000503633,N/A,N/A,402698,N/A,N/A,N/A,N/A,N/A,N/A,N/A
172,N/A,N/A,N/A,5.48785e-06,N/A,N/A,N/A,3.65546e-09,0.0288285,0.469528,N/A,N/A,0.0170638,N/A,N/A,N/A,N/A,N/A,N/A,N/A
200,N/A,N/A,N/A,1.36948e+07,N/A,N/A,N/A,0.973278,0.119311,0.958548,N/A,N/A,0.589547,N/A,N/A,N/A,N/A,N/A,N/A,N/A
429,N/A,N/A,N/A,0.0024362,N/A,N/A,N/A,0.905316,100.627,0.984928,N/A,N/A,0.996937,N/A,N/A,N/A,N/A,N/A,N/A,N/A
515,N/A,N/A,N/A,0.00120402,N/A,N/A,N/A,0.607592,267.544,0.970548,N/A,N/A,0.991716,N/A,N/A,N/A,N/A,N/A,N/A,N/A
527,N/A,N/A,N/A,0.818816,N/A,N/A,N/A,1130.84,0.155857,4.0737e-06,N/A,N/A,0.984651,N/A,N/A,N/A,N/A,N/A,N/A,N/A
549,N/A,N/A,N/A,0.475426,N/A,N/A,N/A,0.00714959,0.972245,0.219068,N/A,N/A,0.997949,N/A,N/A,N/A,N/A,N/A,N/A,N/A
561,N/A,N/A,N/A,0.924469,N/A,N/A,N/A,0.743214,0.668994,0.337222,N/A,N/A,0.21571,N/A,N/A,N/A,N/A,N/A,N/A,N/A