Site,From,To,Count
1,M,R,1
2,E,D,1
2,E,G,1
3,K,E,4
3,K,G,1
3,K,R,5
4,I,T,5
5,V,A,1
5,V,M,1
6,L,F,1
6,L,I,1
6,L,P,1
6,L,T,1
7,L,F,3
8,L,F,2
9,A,G,1
9,A,T,1
10,I,T,3
10,I,V,2
11,V,I,9
11,V,L,1
12,S,G,1
12,S,N,2
13,L,F,1
14,V,A,1
14,V,G,1
16,S,G,1
18,Q,H,1
21,I,V,1
25,A,T,1
30,E,K,1
30,E,V,1
31,Q,R,1
32,V,A,1
38,K,R,1
41,T,A,1
41,T,P,1
44,H,Y,1
45,A,T,1
46,Q,L,1
47,D,N,1
50,E,K,1
51,K,M,1
51,K,R,3
52,T,A,1
52,T,K,5
56,K,R,1
59,D,A,1
59,D,N,3
59,D,S,2
60,L,P,1
61,D,E,1
61,D,N,1
61,N,D,2
69,R,K,5
73,V,G,1
82,M,T,1
85,E,A,1
85,E,K,2
87,I,L,4
87,I,T,3
87,I,V,1
88,N,H,1
90,P,S,1
94,Y,H,1
96,G,E,1
96,V,G,1
99,A,D,1
99,A,I,1
99,A,P,1
99,A,V,2
100,N,S,1
100,S,N,5
102,A,I,1
102,A,S,2
102,A,V,4
102,S,P,1
102,V,A,1
103,N,Y,1
104,D,G,5
105,L,I,1
110,D,N,2
110,D,V,1
110,N,I,1
110,N,S,1
110,N,Y,1
111,F,L,2
113,D,N,3
115,E,L,1
116,E,A,1
118,K,Q,1
119,H,Y,1
121,L,S,1
123,R,I,1
123,R,S,1
124,I,L,1
124,I,T,2
124,T,I,1
128,E,G,1
129,K,G,1
129,K,R,1
131,Q,K,1
131,Q,R,1
132,I,V,1
133,I,F,1
134,P,R,1
135,K,R,2
136,S,N,2
137,S,Y,2
139,S,A,1
139,S,P,6
140,N,D,6
140,N,S,1
140,S,N,1
142,D,E,1
142,E,D,3
142,E,G,2
143,A,S,1
145,S,A,1
145,S,L,6
148,S,R,1
149,S,A,2
152,P,S,1
154,H,L,1
154,H,N,3
154,H,Q,1
154,L,Q,3
154,Q,L,6
155,G,E,1
155,G,R,1
156,K,E,1
156,K,N,2
156,K,R,6
156,K,S,1
156,K,T,1
156,R,K,2
156,R,S,1
156,S,N,3
156,T,A,1
157,S,P,8
161,R,S,1
164,V,A,1
164,V,I,4
166,L,I,1
167,I,T,1
167,I,V,1
168,K,Q,1
168,K,T,1
169,K,R,1
170,N,D,2
171,N,D,4
171,N,S,2
171,S,G,1
171,S,N,9
172,A,I,1
172,A,S,2
172,A,T,13
172,T,A,3
172,T,K,1
175,T,I,2
175,T,P,1
176,I,V,1
177,K,R,1
178,R,I,2
178,R,K,5
178,R,V,1
179,S,G,1
179,S,N,2
181,N,T,1
184,N,S,2
187,D,N,1
189,L,M,1
190,V,I,5
191,L,M,1
197,P,S,1
199,D,N,1
200,A,E,5
201,A,T,3
204,T,I,4
204,T,K,1
205,K,R,3
205,R,G,1
205,R,K,5
206,L,I,2
209,N,R,1
211,T,I,3
211,T,N,1
214,I,V,4
216,V,I,1
223,Q,L,2
224,R,K,1
225,L,F,1
225,L,S,2
226,I,M,1
226,V,A,1
226,V,E,1
226,V,I,5
228,E,K,1
228,K,E,1
228,K,R,1
228,K,T,1
230,A,H,1
232,R,K,1
233,P,S,2
233,S,P,3
234,K,Q,1
234,K,R,1
235,V,I,3
239,S,R,1
242,M,I,3
243,E,D,1
243,E,G,1
247,T,A,1
247,T,I,1
248,I,F,1
248,I,M,1
248,I,V,1
250,K,E,1
250,K,R,2
252,N,D,1
254,A,S,1
254,A,T,2
255,I,V,2
256,N,D,1
256,N,S,2
258,E,D,2
265,A,T,1
268,Y,N,1
271,K,E,1
272,I,N,1
273,V,A,1
273,V,C,1
274,K,Q,1
275,K,R,1
275,K,T,1
279,A,T,4
280,I,V,1
282,K,E,2
282,K,R,1
284,E,G,1
285,L,V,1
285,V,M,1
286,E,K,1
288,G,D,1
289,N,D,2
291,N,D,1
291,N,S,2
292,T,A,1
293,K,R,1
298,M,I,3
298,M,V,1
301,I,V,1
302,N,S,1
305,M,I,2
306,P,H,1
307,F,S,1
308,H,T,1
309,N,T,1
310,I,L,1
313,L,I,1
315,I,V,1
320,K,R,1
323,K,E,1
325,N,D,3
325,N,S,3
326,R,K,1
328,V,I,1
336,A,T,1
336,S,A,1
336,S,T,1
336,S,V,1
336,T,A,3
336,T,S,1
337,P,L,1
338,Q,L,1
339,R,G,1
339,R,I,1
339,R,S,1
341,R,G,1
341,R,I,2
341,R,K,2
342,R,G,1
342,R,K,1
343,R,K,3
344,K,R,3
344,R,K,1
345,K,T,1
346,R,K,1
356,I,L,1
364,V,I,1
365,D,N,1
371,H,R,1
374,N,K,1
375,E,D,1
375,E,G,3
375,E,K,1
378,S,N,2
381,A,P,1
381,A,S,1
382,A,P,1
383,D,N,1
383,N,H,1
384,K,Q,1
384,K,R,1
384,Q,K,1
385,E,K,1
386,S,T,1
388,Q,P,1
389,K,R,2
391,I,L,2
391,I,T,1
392,D,N,3
392,D,Y,1
394,V,F,1
394,V,I,4
396,N,I,1
397,K,T,1
402,I,F,1
403,D,G,1
403,D,N,5
403,D,V,1
403,N,D,1
403,N,T,1
407,T,I,1
411,A,G,1
413,G,V,1
414,R,K,1
416,F,I,1
417,N,I,1
417,N,S,1
418,N,K,1
418,N,S,1
418,N,T,1
421,R,K,1
424,E,K,1
425,N,S,2
429,Q,K,1
433,G,R,1
434,F,L,2
436,D,V,1
437,V,I,1
441,N,I,1
448,M,L,1
455,D,N,1
458,D,E,1
460,N,K,1
461,V,A,1
462,K,R,1
466,D,E,3
466,E,D,1
467,K,Q,1
467,K,R,1
489,K,R,3
492,N,D,5
495,M,I,2
496,E,A,1
496,E,D,1
497,S,G,1
498,V,I,2
499,K,R,4
499,R,K,1
504,D,G,1
504,D,N,1
507,Q,E,1
507,Q,H,1
507,Q,R,1
510,E,G,1
510,E,V,1
512,A,S,1
513,R,K,2
515,K,N,1
515,N,K,3
516,R,G,1
517,E,K,1
518,E,K,1
520,S,G,1
520,S,N,4
521,G,E,1
521,G,R,1
523,K,R,1
527,I,V,1
527,M,I,6
527,M,V,1
528,G,V,1
529,T,I,3
538,T,A,1
539,V,A,1
540,A,V,2
544,A,T,1
544,A,V,3
544,V,A,1
548,M,V,1
549,V,M,2
554,L,F,1
558,S,F,1
559,N,I,1
561,S,A,2
562,L,F,2
563,Q,P,1
565,R,S,1
566,I,V,1
567,C,A,1